,questions,answers
0,Who is Mark Twain?,"
Mark Twain was born Samuel Langhorne Clemens in Florida, Missouri, on November 30, 1835. He was the son of John Marshall Clemens and Jane Lampton Clemens. His father was a farmer and his mother was a school teacher.
Twain was a very bright child and was able to read by the age of three. He was also a very good writer and was able to write his first story at the age of five.
Twain’s parents were very supportive of his writing and encouraged him to pursue it as a career. He attended the University of Missouri, where he studied law. However, he was not very interested in the law and decided to pursue a career in writing instead.
Twain’s first book, The Adventures of Tom Sawyer, was published in 1876. It was a huge success and established him as a major writer.
Twain was a very popular writer and his books were widely read. He was also a very outspoken critic of society and politics. He was a strong advocate for social justice and was a vocal opponent of slavery.
Twain died on April 21, 1910, at the age of 74. He was one of the most influential writers of the 19th century and his books are still widely read today.
Mark Twain was a very influential writer and his books are still widely read today. His writing was a reflection of his time and his views on society and politics. He was a strong advocate for social justice and was a vocal opponent of slavery.
Twain’s books are still widely read today and his influence on literature is still felt. His writing was a reflection of his time and his views on society and politics. He was a strong advocate for social justice and was a vocal opponent of slavery.
Twain’s books are still widely read today and his influence on literature is still felt. His writing was a reflection of his time and his views on society and politics. He was a strong advocate for social justice and was a vocal opponent of slavery.
Twain’s books are still widely read today and his influence on literature is still felt. His writing was a reflection of his time and his views on society and politics. He was a strong advocate for social justice and was a vocal opponent of slavery.
Twain’s books are still widely read today and his influence on literature is still felt. His writing was a reflection of his time and his views on society and politics. He was a strong advocate for social justice and was a vocal opponent of slavery.
Twain’s books are still widely read today and his influence on literature is still felt. His writing was a reflection of his time and his views on society and politics. He was a strong advocate for social justice and was a vocal opponent of slavery.
Twain’s books are still widely read today and his influence on literature is still felt. His writing was a reflection of his time and his views on society and politics. He was a strong advocate for social justice and was a vocal opponent of slavery.
Twain’s books are still widely read today and his influence on literature"
1,Who is William Shakespeare?,"
William Shakespeare was born in Stratford-upon-Avon, Warwickshire, England, on April 23, 1564. He was the third of eight children of John Shakespeare, a prosperous glover, and Mary Arden, a prosperous farmer.
Shakespeare’s father died when he was ten years old, and his mother remarried. His stepfather, John Quincy, was a prosperous cloth merchant.
Shakespeare’s mother died when he was eighteen years old. He was then apprenticed to a local glover.
Shakespeare married Anne Hathaway, a local farmer’s daughter, in 1582. They had three children: Susanna, Judith, and Hamnet.
Shakespeare’s first play, “Romeo and Juliet,” was written in 1595. It was a great success, and Shakespeare became a famous playwright.
Shakespeare died on April 23, 1616, in Stratford-upon-Avon. He was buried in the Church of the Holy Trinity.
Shakespeare’s plays have been translated into many languages and have been performed all over the world. His plays are still popular today.
Shakespeare’s life and work have been the subject of many books and movies.
Shakespeare’s plays are still popular today.
Shakespeare’s life and work have been the subject of many books and movies.
Shakespeare’s plays are still popular today.
Shakespeare’s life and work have been the subject of many books and movies.
Shakespeare’s plays are still popular today.
Shakespeare’s life and work have been the subject of many books and movies.
Shakespeare’s plays are still popular today.
Shakespeare’s life and work have been the subject of many books and movies.
Shakespeare’s plays are still popular today.
Shakespeare’s life and work have been the subject of many books and movies.
Shakespeare’s plays are still popular today.
Shakespeare’s life and work have been the subject of many books and movies.
Shakespeare’s plays are still popular today.
Shakespeare’s life and work have been the subject of many books and movies.
Shakespeare’s plays are still popular today.
Shakespeare’s life and work have been the subject of many books and movies.
Shakespeare’s plays are still popular today.
Shakespeare’s life and work have been the subject of many books and movies.
Shakespeare’s plays are still popular today.
Shakespeare’s life and work have been the subject of many books and movies.
Shakespeare’s plays are still popular today.
Shakespeare’s life and work have been the subject of many books and movies.
Shakespeare’s plays are still popular today.
Shakespeare’s life and work have been the subject of many books and movies.
Shakespeare’s plays are still popular today.
Shakespeare’s life and work have been the subject of many books and movies.
Shakespeare’s plays"
2,Who is Agatha Christie?,"
Agatha Christie is a British writer who is best known for her detective novels. She was born in 1890 and died in 1976. She wrote more than 80 novels and short stories, and her books have been translated into more than 100 languages.
What is Agatha Christie’s most famous book?
Agatha Christie’s most famous book is probably her novel, “Murder on the Orient Express.” This book was first published in 1934 and has been adapted into a movie and a play.
What is Agatha Christie’s most famous book?
Agatha Christie’s most famous book is probably her novel, “Murder on the Orient Express.” This book was first published in 1934 and has been adapted into a movie and a play.
What is Agatha Christie’s most famous book?
Agatha Christie’s most famous book is probably her novel, “Murder on the Orient Express.” This book was first published in 1934 and has been adapted into a movie and a play.
What is Agatha Christie’s most famous book?
Agatha Christie’s most famous book is probably her novel, “Murder on the Orient Express.” This book was first published in 1934 and has been adapted into a movie and a play.
What is Agatha Christie’s most famous book?
Agatha Christie’s most famous book is probably her novel, “Murder on the Orient Express.” This book was first published in 1934 and has been adapted into a movie and a play.
What is Agatha Christie’s most famous book?
Agatha Christie’s most famous book is probably her novel, “Murder on the Orient Express.” This book was first published in 1934 and has been adapted into a movie and a play.
What is Agatha Christie’s most famous book?
Agatha Christie’s most famous book is probably her novel, “Murder on the Orient Express.” This book was first published in 1934 and has been adapted into a movie and a play.
What is Agatha Christie’s most famous book?
Agatha Christie’s most famous book is probably her novel, “Murder on the Orient Express.” This book was first published in 1934 and has been adapted into a movie and a play.
What is Agatha Christie’s most famous book?
Agatha Christie’s most famous book is probably her novel, “Murder on the Orient Express.” This book was first published in 1934 and has been adapted into a movie and a play.
What is Agatha Christie’s most famous book?
Agatha Christie’s most famous book is probably her novel, “Murder on the Orient Express.” This book was first published in 1934 and has been adapted into a movie and a play.
What is Agatha Christie’s most famous book?
Agatha Christie’s most famous book is probably her novel, “Murder on the Orient Express.” This book was first published in 1934 and has been adapted into a movie and a play.
What is Agatha Christie’s most famous book?
Agatha Christie’s most"
3,Who is Barbara Cartland?,"
Barbara Cartland was born in London in 1901. She was the daughter of a wealthy businessman and a woman who was a member of the aristocracy. She was educated at a private school and then went on to study at the University of London. She was a very successful writer and her books were very popular. She wrote over 500 books and sold over 1 billion copies. She was also a very successful actress and appeared in many films. She died in 2000 at the age of 99.
What is Barbara Cartland’s net worth?
Barbara Cartland’s net worth is estimated to be around $100 million. She was a very successful writer and her books were very popular. She wrote over 500 books and sold over 1 billion copies. She was also a very successful actress and appeared in many films. She died in 2000 at the age of 99.
What is Barbara Cartland’s age?
Barbara Cartland was born in 1901 and died in 2000. She was 99 years old when she died.
What is Barbara Cartland’s height?
Barbara Cartland was 5’7″ tall.
What is Barbara Cartland’s weight?
Barbara Cartland was around 140 pounds when she died.
What is Barbara Cartland’s eye color?
Barbara Cartland’s eye color was blue.
What is Barbara Cartland’s hair color?
Barbara Cartland’s hair color was blonde.
What is Barbara Cartland’s ethnicity?
Barbara Cartland was of English descent.
What is Barbara Cartland’s religion?
Barbara Cartland was a Christian.
What is Barbara Cartland’s zodiac sign?
Barbara Cartland’s zodiac sign was Cancer.
What is Barbara Cartland’s birthday?
Barbara Cartland’s birthday was on June 6, 1901.
What is Barbara Cartland’s birthplace?
Barbara Cartland was born in London, England.
What is Barbara Cartland’s nationality?
Barbara Cartland was British.
What is Barbara Cartland’s blood type?
Barbara Cartland’s blood type was O+.
What is Barbara Cartland’s marital status?
Barbara Cartland was married twice. She was first married to Sir William Cartland in 1929 and they had two children together. She was then married to Sir John Cartland in 1951 and they had two children together.
What is Barbara Cartland’s occupation?
Barbara Cartland was a writer. She wrote over 500 books and sold over 1 billion copies. She was also a very successful actress and appeared in many films.
What is Barbara Cartland’s favorite food?
Barbara Cartland’s favorite food was roast beef.
What is Barbara Cartland’s favorite color?
Barbara Cartland’s favorite color was blue.
What is Barbara Cartland’s favorite animal?
Barbara Cartland’s favorite animal was a dog.
What is Barbara Cartland’s favorite movie?
Barbara"
4,Who is Danielle Steel?,"
Danielle Steel is an American novelist. She is the author of more than 100 novels, which have sold more than 500 million copies worldwide. She is the best-selling author of all time.
Danielle Steel was born on November 17, 1947, in New York City. She is the daughter of a French-born mother and an American father. Her parents divorced when she was young, and she was raised by her mother.
Steel’s first novel, “The Promise,” was published in 1978. It was a bestseller and won the Romance Writers of America’s RITA Award for Best First Book.
Steel has written many other bestselling novels, including “The Wedding,” “The Gift,” “The Choice,” and “The Wedding Date.” She has also written several nonfiction books, including “The Power of Love,” “The Power of Hope,” and “The Power of Faith.”
Steel has been married three times. She has two children from her first marriage and two children from her second marriage.
Steel is a philanthropist and has donated millions of dollars to charity. She is also a supporter of animal rights and has been involved in several animal-related causes.
Steel is a member of the Romance Writers of America and the National Book Critics Circle. She has won numerous awards for her writing, including the Romance Writers of America’s RITA Award for Best Novel and the National Book Critics Circle Award for Fiction.
Steel is a bestselling author who has written more than 100 novels. She is the author of many bestselling novels, including “The Promise,” “The Gift,” “The Choice,” and “The Wedding Date.”
Steel was born on November 17, 1947, in New York City. She is the daughter of a French-born mother and an American father. Her parents divorced when she was young, and she was raised by her mother.
Steel’s first novel, “The Promise,” was published in 1978. It was a bestseller and won the Romance Writers of America’s RITA Award for Best First Book.
Steel has written many other bestselling novels, including “The Wedding,” “The Gift,” “The Choice,” and “The Wedding Date.” She has also written several nonfiction books, including “The Power of Love,” “The Power of Hope,” and “The Power of Faith.”
Steel has been married three times. She has two children from her first marriage and two children from her second marriage.
Steel is a philanthropist and has donated millions of dollars to charity. She is also a supporter of animal rights and has been involved in several animal-related causes.
Steel is a member of the Romance Writers of America and the National Book Critics Circle. She has won numerous awards for her writing, including the Romance Writers of America’s RITA Award for Best Novel and the National Book Critics Circle Award for Fiction.
Steel is a bestselling author who has written more than 100 novels. She is the author of many bestselling novels,"
5,Who is Harold Robbins?,"
Harold Robbins was an American novelist who wrote over 30 novels. He was born in New York City in 1923 and died in 1999. He was a prolific writer who wrote about the lives of the rich and famous. His books were bestsellers and he was known for his fast-paced writing style.
Robbins was a self-made man who started out as a journalist and then became a successful novelist. He was known for his ability to tell a good story and his ability to create characters that were memorable.
Robbins was also known for his controversial and scandalous novels. He was a controversial figure in the world of literature and his books were often banned or criticized.
Robbins was a prolific writer who wrote over 30 novels. He was known for his ability to tell a good story and his ability to create characters that were memorable. He was also known for his controversial and scandalous novels.
Harold Robbins was an American novelist who wrote over 30 novels. He was born in New York City in 1923 and died in 1999. He was a prolific writer who wrote about the lives of the rich and famous. His books were bestsellers and he was known for his fast-paced writing style.
Robbins was a self-made man who started out as a journalist and then became a successful novelist. He was known for his ability to tell a good story and his ability to create characters that were memorable. He was also known for his controversial and scandalous novels.
Robbins was a prolific writer who wrote over 30 novels. He was known for his ability to tell a good story and his ability to create characters that were memorable. He was also known for his controversial and scandalous novels.
Harold Robbins was an American novelist who wrote over 30 novels. He was born in New York City in 1923 and died in 1999. He was a prolific writer who wrote about the lives of the rich and famous. His books were bestsellers and he was known for his fast-paced writing style.
Robbins was a self-made man who started out as a journalist and then became a successful novelist. He was known for his ability to tell a good story and his ability to create characters that were memorable. He was also known for his controversial and scandalous novels.
Robbins was a prolific writer who wrote over 30 novels. He was known for his ability to tell a good story and his ability to create characters that were memorable. He was also known for his controversial and scandalous novels.
Harold Robbins was an American novelist who wrote over 30 novels. He was born in New York City in 1923 and died in 1999. He was a prolific writer who wrote about the lives of the rich and famous. His books were bestsellers and he was known for his fast-paced writing style.
Robbins was a self-made man who started out as a journalist and then became a successful novelist. He was known for his ability to tell a good story and his ability to create characters that were memorable. He was also known for his controversial and scandalous novels.
Robbins was a prolific writer who wrote"
6,Who is Georges Simenon?,"
Georges Simenon was a French writer who wrote over 200 novels and short stories. He is best known for his Maigret series, which was adapted into a television series in the 1960s.
Simenon was born in Liège, Belgium, in 1903. He studied law at the University of Liège and then worked as a lawyer. In 1929, he moved to Paris and began writing novels.
Simenon’s novels are known for their realism and psychological depth. He often focused on the lives of ordinary people and the effects of social and economic change on their lives.
Simenon died in 1989. His work has been translated into many languages and is still popular today.
Who is Georges Simenon?
Georges Simenon was a French writer who wrote over 200 novels and short stories. He is best known for his Maigret series, which was adapted into a television series in the 1960s.
Simenon was born in Liège, Belgium, in 1903. He studied law at the University of Liège and then worked as a lawyer. In 1929, he moved to Paris and began writing novels.
Simenon’s novels are known for their realism and psychological depth. He often focused on the lives of ordinary people and the effects of social and economic change on their lives.
Simenon died in 1989. His work has been translated into many languages and is still popular today.
What is Georges Simenon known for?
Georges Simenon was a French writer who wrote over 200 novels and short stories. He is best known for his Maigret series, which was adapted into a television series in the 1960s.
Simenon was born in Liège, Belgium, in 1903. He studied law at the University of Liège and then worked as a lawyer. In 1929, he moved to Paris and began writing novels.
Simenon’s novels are known for their realism and psychological depth. He often focused on the lives of ordinary people and the effects of social and economic change on their lives.
Simenon died in 1989. His work has been translated into many languages and is still popular today.
What is Georges Simenon’s most famous book?
Georges Simenon was a French writer who wrote over 200 novels and short stories. He is best known for his Maigret series, which was adapted into a television series in the 1960s.
Simenon was born in Liège, Belgium, in 1903. He studied law at the University of Liège and then worked as a lawyer. In 1929, he moved to Paris and began writing novels.
Simenon’s novels are known for their realism and psychological depth. He often focused on the lives of ordinary people and the effects of social and economic change on their lives.
Simenon died in 1989. His work has been translated into many languages and is still popular today.
What is Georges Simenon’s most famous book?
Georges Simenon was a"
7,Who is Enid Blyton?,"
Enid Blyton was a British children’s author who wrote over 600 books. She is best known for her series of books about the Famous Five, the Secret Seven, and the Noddy books.
Blyton was born in 1897 in England. She was the youngest of five children. Her father was a schoolmaster and her mother was a teacher. Blyton had a happy childhood. She loved to read and write. She also loved to play games.
Blyton’s first book was published in 1928. It was called The Adventures of the Wishing Chair. The book was a success. Blyton went on to write many more books. She became one of the most popular children’s authors in the world.
Blyton died in 1968. She is remembered for her books about the Famous Five, the Secret Seven, and the Noddy books. Her books have been translated into many languages. They have been read by millions of children around the world.
Enid Blyton was a British children’s author who wrote over 600 books. She is best known for her series of books about the Famous Five, the Secret Seven, and the Noddy books.
Blyton was born in 1897 in England. She was the youngest of five children. Her father was a schoolmaster and her mother was a teacher. Blyton had a happy childhood. She loved to read and write. She also loved to play games.
Blyton’s first book was published in 1928. It was called The Adventures of the Wishing Chair. The book was a success. Blyton went on to write many more books. She became one of the most popular children’s authors in the world.
Blyton died in 1968. She is remembered for her books about the Famous Five, the Secret Seven, and the Noddy books. Her books have been translated into many languages. They have been read by millions of children around the world.
Enid Blyton was a British children’s author who wrote over 600 books. She is best known for her series of books about the Famous Five, the Secret Seven, and the Noddy books.
Blyton was born in 1897 in England. She was the youngest of five children. Her father was a schoolmaster and her mother was a teacher. Blyton had a happy childhood. She loved to read and write. She also loved to play games.
Blyton’s first book was published in 1928. It was called The Adventures of the Wishing Chair. The book was a success. Blyton went on to write many more books. She became one of the most popular children’s authors in the world.
Blyton died in 1968. She is remembered for her books about the Famous Five, the Secret Seven, and the Noddy books. Her books have been translated into many languages. They have been read by millions of children around the world.
Enid Blyton was a British children’s author who wrote over 600 books."
8,Who is Sidney Sheldon?,"
Sidney Sheldon was an American author who wrote more than 50 novels. He was born in New York City on November 11, 1917. He was the son of a Jewish immigrant from Russia. He was a graduate of the University of Michigan. He was a member of the American Academy of Arts and Letters.
He was a member of the American Academy of Arts and Letters. He was a member of the American Academy of Arts and Letters. He was a member of the American Academy of Arts and Letters. He was a member of the American Academy of Arts and Letters. He was a member of the American Academy of Arts and Letters. He was a member of the American Academy of Arts and Letters. He was a member of the American Academy of Arts and Letters. He was a member of the American Academy of Arts and Letters. He was a member of the American Academy of Arts and Letters. He was a member of the American Academy of Arts and Letters. He was a member of the American Academy of Arts and Letters. He was a member of the American Academy of Arts and Letters. He was a member of the American Academy of Arts and Letters. He was a member of the American Academy of Arts and Letters. He was a member of the American Academy of Arts and Letters. He was a member of the American Academy of Arts and Letters. He was a member of the American Academy of Arts and Letters. He was a member of the American Academy of Arts and Letters. He was a member of the American Academy of Arts and Letters. He was a member of the American Academy of Arts and Letters. He was a member of the American Academy of Arts and Letters. He was a member of the American Academy of Arts and Letters. He was a member of the American Academy of Arts and Letters. He was a member of the American Academy of Arts and Letters. He was a member of the American Academy of Arts and Letters. He was a member of the American Academy of Arts and Letters. He was a member of the American Academy of Arts and Letters. He was a member of the American Academy of Arts and Letters. He was a member of the American Academy of Arts and Letters. He was a member of the American Academy of Arts and Letters. He was a member of the American Academy of Arts and Letters. He was a member of the American Academy of Arts and Letters. He was a member of the American Academy of Arts and Letters. He was a member of the American Academy of Arts and Letters. He was a member of the American Academy of Arts and Letters. He was a member of the American Academy of Arts and Letters. He was a member of the American Academy of Arts and Letters. He was a member of the American Academy of Arts and Letters. He was a member of the American Academy of Arts and Letters. He was a member of the American Academy of Arts and Letters. He was a member of the American Academy of Arts and Letters. He was a member of the American Academy of Arts and Letters. He was a member of the American Academy of Arts and Letters. He was a member of the American Academy of Arts and Letters. He was"
9,Who is Akira Toriyama?,"
Akira Toriyama is a Japanese manga artist and the creator of the Dragon Ball series. He is also the creator of the series Dr. Slump and the series Cowa!
Akira Toriyama was born on December 23, 1955 in Tokyo, Japan. He is the son of a Japanese father and a Chinese mother. He is the youngest of three children.
Toriyama attended the Tokyo University of Fine Arts and Music. He graduated in 1977 with a degree in painting.
After graduation, Toriyama worked as an assistant to manga artist Shigeru Mizuki. He also worked as an assistant to manga artist Kazuo Koike.
In 1980, Toriyama began working on his own manga series, Dr. Slump. The series was published in Weekly Shonen Jump magazine.
In 1984, Toriyama began working on his second manga series, Cowa!. The series was published in Weekly Shonen Jump magazine.
In 1986, Toriyama began working on his third manga series, Dragon Ball. The series was published in Weekly Shonen Jump magazine.
In 1989, Toriyama began working on his fourth manga series, Dragon Ball Z. The series was published in Weekly Shonen Jump magazine.
In 1996, Toriyama began working on his fifth manga series, Dragon Ball GT. The series was published in Weekly Shonen Jump magazine.
In 1999, Toriyama began working on his sixth manga series, Dragon Ball Super. The series was published in Weekly Shonen Jump magazine.
In 2001, Toriyama began working on his seventh manga series, Dragon Ball GT. The series was published in Weekly Shonen Jump magazine.
In 2003, Toriyama began working on his eighth manga series, Dragon Ball GT. The series was published in Weekly Shonen Jump magazine.
In 2005, Toriyama began working on his ninth manga series, Dragon Ball GT. The series was published in Weekly Shonen Jump magazine.
In 2007, Toriyama began working on his tenth manga series, Dragon Ball GT. The series was published in Weekly Shonen Jump magazine.
In 2009, Toriyama began working on his eleventh manga series, Dragon Ball GT. The series was published in Weekly Shonen Jump magazine.
In 2011, Toriyama began working on his twelfth manga series, Dragon Ball GT. The series was published in Weekly Shonen Jump magazine.
In 2013, Toriyama began working on his thirteenth manga series, Dragon Ball GT. The series was published in Weekly Shonen Jump magazine.
In 2015, Toriyama began working on his fourteenth manga series, Dragon Ball GT. The series was published in Weekly Shonen Jump magazine.
In 2017, Toriyama began working on his fifteenth manga series, Dragon Ball GT. The series was published in Weekly Shonen Jump magazine.
In 2019, Toriyama began working on his sixteenth manga series, Dragon Ball GT. The series was published in Weekly Shonen Jump magazine.
In 2021, Toriyama began working on his seventeenth manga series, Dragon Ball GT."
10,Who is Leo Tolstoy?,"
Leo Tolstoy was a Russian writer, philosopher, and social critic. He is considered one of the greatest novelists in the history of world literature. He is best known for his novels War and Peace and Anna Karenina.
Leo Tolstoy was born on September 9, 1828, in Yasnaya Polyana, a village in the Tula Governorate of the Russian Empire. His father, Nikolai Ilyich Tolstoy, was a landowner and a member of the Russian nobility. His mother, Sofia Andreevna Tolstaya, was a descendant of the Russian noble family of Stroganov.
Tolstoy’s father was a strict and authoritarian man who believed in the importance of hard work and discipline. He was also a religious man who believed in the power of prayer and the importance of following the teachings of the Orthodox Church.
Tolstoy’s mother was a more relaxed and easygoing person who was interested in literature and the arts. She was also a devout Christian who believed in the importance of faith and charity.
Tolstoy had two older brothers, Nikolai and Ivan, and a younger sister, Maria. His brothers were both educated men who went on to become successful lawyers. His sister, Maria, was a talented pianist and composer.
Tolstoy’s childhood was a happy one. He enjoyed playing with his brothers and sister, and he was a good student. He was also a talented writer, and he began to write stories and poems at a young age.
Tolstoy’s father died when he was only nine years old. His mother was devastated by the loss of her husband, and she struggled to raise her children on her own.
Tolstoy’s mother was a devout Christian, and she instilled her religious beliefs in her children. She taught them the importance of faith and charity, and she encouraged them to be kind and compassionate to others.
Tolstoy’s mother also taught him the importance of hard work and discipline. She believed that these were the keys to success in life, and she wanted her children to be successful and happy.
Tolstoy’s mother also taught him the importance of reading and writing. She encouraged him to read the Bible and other religious texts, and she also encouraged him to write stories and poems.
Tolstoy’s mother was a strict and authoritarian woman, and she expected her children to be obedient and respectful. She also expected them to be kind and compassionate to others, and she believed that this was the key to a happy and successful life.
Tolstoy’s mother was a devout Christian, and she believed in the power of prayer and the importance of following the teachings of the Orthodox Church. She also believed in the importance of faith and charity, and she encouraged her children to be kind and compassionate to others.
Tolstoy’s mother was a strict and authoritarian woman, and she expected her children to be obedient and respectful. She also expected them to be"
11,Who is Alexander Pushkin?,"
Alexander Pushkin was a Russian poet, novelist, playwright, and short story writer. He is considered to be one of the greatest Russian writers of all time.
Pushkin was born in Moscow on June 6, 1799. His father was a Russian nobleman and his mother was a German noblewoman. Pushkin was educated at the Moscow University and the University of Berlin. He was a member of the Russian Academy of Sciences and the Russian Academy of Arts.
Pushkin was a prolific writer. He wrote more than 100 books and poems. His most famous works include “The Bronze Horseman”, “The Tale of the Stone Flower”, “The Queen of Spades”, and “The Captain’s Daughter”.
Pushkin died on February 7, 1837. He was buried in the Alexander Nevsky Monastery in St. Petersburg.
What is the significance of Pushkin’s works?
Pushkin’s works are significant because they reflect the Russian culture and history. His poems and novels are full of Russian folklore and mythology. He also wrote about the Russian Revolution and the Russian Civil War.
What are some of Pushkin’s most famous works?
Some of Pushkin’s most famous works include “The Bronze Horseman”, “The Tale of the Stone Flower”, “The Queen of Spades”, and “The Captain’s Daughter”.
What is the significance of Pushkin’s works in Russian literature?
Pushkin’s works are significant in Russian literature because they reflect the Russian culture and history. His poems and novels are full of Russian folklore and mythology. He also wrote about the Russian Revolution and the Russian Civil War.
What are some of the themes in Pushkin’s works?
Some of the themes in Pushkin’s works include love, war, and death.
What are some of the influences on Pushkin’s works?
Some of the influences on Pushkin’s works include Russian folklore and mythology, the Russian Revolution, and the Russian Civil War.
What are some of the criticisms of Pushkin’s works?
Some of the criticisms of Pushkin’s works include that they are too long and that they are not well-written.
What are some of the achievements of Pushkin’s works?
Some of the achievements of Pushkin’s works include that they are full of Russian folklore and mythology, that they reflect the Russian culture and history, and that they are well-written.
What are some of the controversies surrounding Pushkin’s works?
Some of the controversies surrounding Pushkin’s works include that they are too long and that they are not well-written.
What are some of the controversies surrounding Pushkin’s works?
Some of the controversies surrounding Pushkin’s works include that they are too long and that they are not well-written.
What are some of the controversies surrounding Pushkin’s works?
Some of the controversies surrounding Pushkin’s works include that they are too long and that they are not well"
12,Who is Stephen King?,"
Stephen King is an American author of horror, fantasy, science fiction, suspense, and supernatural fiction. He is the author of more than fifty books, eight of which have been adapted into films.
King was born in Portland, Maine, on September 21, 1947. He grew up in the small town of Bangor, Maine, where he attended high school. King graduated from Bangor High School in 1965 and attended the University of Maine at Orono, where he studied English literature.
King began his writing career in the early 1970s, publishing his first novel, Carrie, in 1974. Since then, he has become one of the most successful and well-known authors in the world. His books have been translated into more than forty languages and have sold more than 350 million copies worldwide.
King is also a prolific screenwriter, having written the screenplays for several of his own films, as well as for other films based on his books. He has won numerous awards for his writing, including the National Book Award, the World Fantasy Award, and the Bram Stoker Award.
Stephen King is a prolific author who has written more than fifty books, eight of which have been adapted into films. He is one of the most successful and well-known authors in the world, with his books having been translated into more than forty languages and selling more than 350 million copies worldwide.
Stephen King is an American author of horror, fantasy, science fiction, suspense, and supernatural fiction. He is the author of more than fifty books, eight of which have been adapted into films.
Stephen King was born on September 21, 1947, in Portland, Maine. He grew up in the small town of Bangor, Maine, where he attended high school. King graduated from Bangor High School in 1965 and attended the University of Maine at Orono, where he studied English literature.
King began his writing career in the early 1970s, publishing his first novel, Carrie, in 1974. Since then, he has become one of the most successful and well-known authors in the world. His books have been translated into more than forty languages and have sold more than 350 million copies worldwide.
Stephen King is a prolific author who has written more than fifty books, eight of which have been adapted into films. He is one of the most successful and well-known authors in the world, with his books having been translated into more than forty languages and selling more than 350 million copies worldwide.
Stephen King is an American author of horror, fantasy, science fiction, suspense, and supernatural fiction. He is the author of more than fifty books, eight of which have been adapted into films.
Stephen King was born on September 21, 1947, in Portland, Maine. He grew up in the small town of Bangor, Maine, where he attended high school. King graduated from Bangor High School in 1965 and attended the University of Maine at Orono, where he studied English literature.
King began his writing career in the early 1970s, publishing his first novel, Carrie, in 1974. Since then, he has become one of the"
13,What is C++?,"
C++ is a general-purpose, multi-paradigm programming language. It is a compiled language, which means that it is translated into machine code before it is executed. C++ is a statically typed language, which means that the compiler checks the type of the variables and functions before the program is compiled.
C++ is a general-purpose, multi-paradigm programming language. It is a compiled language, which means that it is translated into machine code before it is executed. C++ is a statically typed language, which means that the compiler checks the type of the variables and functions before the program is compiled.
C++ is a general-purpose, multi-paradigm programming language. It is a compiled language, which means that it is translated into machine code before it is executed. C++ is a statically typed language, which means that the compiler checks the type of the variables and functions before the program is compiled.
C++ is a general-purpose, multi-paradigm programming language. It is a compiled language, which means that it is translated into machine code before it is executed. C++ is a statically typed language, which means that the compiler checks the type of the variables and functions before the program is compiled.
C++ is a general-purpose, multi-paradigm programming language. It is a compiled language, which means that it is translated into machine code before it is executed. C++ is a statically typed language, which means that the compiler checks the type of the variables and functions before the program is compiled.
C++ is a general-purpose, multi-paradigm programming language. It is a compiled language, which means that it is translated into machine code before it is executed. C++ is a statically typed language, which means that the compiler checks the type of the variables and functions before the program is compiled.
C++ is a general-purpose, multi-paradigm programming language. It is a compiled language, which means that it is translated into machine code before it is executed. C++ is a statically typed language, which means that the compiler checks the type of the variables and functions before the program is compiled.
C++ is a general-purpose, multi-paradigm programming language. It is a compiled language, which means that it is translated into machine code before it is executed. C++ is a statically typed language, which means that the compiler checks the type of the variables and functions before the program is compiled.
C++ is a general-purpose, multi-paradigm programming language. It is a compiled language, which means that it is translated into machine code before it is executed. C++ is a statically typed language, which means that the compiler checks the type of the variables and functions before the program is compiled.
C++ is a general-purpose, multi-paradigm programming language. It is a compiled language, which means that it is translated into machine code before it is executed. C++ is a statically typed language, which means that the compiler checks the type of"
14,What is Python?,"
Python is a high-level, general-purpose programming language. It is an interpreted, interactive, object-oriented programming language. It is used for many purposes, including system scripting, web development, and data analysis.
Python is a programming language that is easy to learn and use. It is a high-level language that is used for many different purposes, including web development, data analysis, and scientific computing. Python is also used for scripting and automating tasks.
Python is a programming language that is used for many different purposes. It is a high-level language that is easy to learn and use. Python is used for web development, data analysis, and scientific computing. Python is also used for scripting and automating tasks.
Python is a programming language that is used for many different purposes. It is a high-level language that is easy to learn and use. Python is used for web development, data analysis, and scientific computing. Python is also used for scripting and automating tasks.
Python is a programming language that is used for many different purposes. It is a high-level language that is easy to learn and use. Python is used for web development, data analysis, and scientific computing. Python is also used for scripting and automating tasks.
Python is a programming language that is used for many different purposes. It is a high-level language that is easy to learn and use. Python is used for web development, data analysis, and scientific computing. Python is also used for scripting and automating tasks.
Python is a programming language that is used for many different purposes. It is a high-level language that is easy to learn and use. Python is used for web development, data analysis, and scientific computing. Python is also used for scripting and automating tasks.
Python is a programming language that is used for many different purposes. It is a high-level language that is easy to learn and use. Python is used for web development, data analysis, and scientific computing. Python is also used for scripting and automating tasks.
Python is a programming language that is used for many different purposes. It is a high-level language that is easy to learn and use. Python is used for web development, data analysis, and scientific computing. Python is also used for scripting and automating tasks.
Python is a programming language that is used for many different purposes. It is a high-level language that is easy to learn and use. Python is used for web development, data analysis, and scientific computing. Python is also used for scripting and automating tasks.
Python is a programming language that is used for many different purposes. It is a high-level language that is easy to learn and use. Python is used for web development, data analysis, and scientific computing. Python is also used for scripting and automating tasks.
Python is a programming language that is used for many different purposes. It is a high-level language that is easy to learn and use. Python is used for web development, data analysis, and scientific computing. Python is also used"
15,What is Java?,"
Java is a programming language that is used to create applications for the web. Java is a platform-independent language, which means that it can be used on any operating system. Java is also a platform-independent language, which means that it can be used on any operating system. Java is a programming language that is used to create applications for the web. Java is a platform-independent language, which means that it can be used on any operating system. Java is a programming language that is used to create applications for the web. Java is a platform-independent language, which means that it can be used on any operating system.
Java is a programming language that is used to create applications for the web. Java is a platform-independent language, which means that it can be used on any operating system. Java is a programming language that is used to create applications for the web. Java is a platform-independent language, which means that it can be used on any operating system.
Java is a programming language that is used to create applications for the web. Java is a platform-independent language, which means that it can be used on any operating system. Java is a programming language that is used to create applications for the web. Java is a platform-independent language, which means that it can be used on any operating system.
Java is a programming language that is used to create applications for the web. Java is a platform-independent language, which means that it can be used on any operating system. Java is a programming language that is used to create applications for the web. Java is a platform-independent language, which means that it can be used on any operating system.
Java is a programming language that is used to create applications for the web. Java is a platform-independent language, which means that it can be used on any operating system. Java is a programming language that is used to create applications for the web. Java is a platform-independent language, which means that it can be used on any operating system.
Java is a programming language that is used to create applications for the web. Java is a platform-independent language, which means that it can be used on any operating system. Java is a programming language that is used to create applications for the web. Java is a platform-independent language, which means that it can be used on any operating system.
Java is a programming language that is used to create applications for the web. Java is a platform-independent language, which means that it can be used on any operating system. Java is a programming language that is used to create applications for the web. Java is a platform-independent language, which means that it can be used on any operating system.
Java is a programming language that is used to create applications for the web. Java is a platform-independent language, which means that it can be used on any operating system. Java is a programming language that is used to create applications for the web. Java is a platform-independent language, which means that it can be used on any operating system.
Java is a programming language that is used to create applications for the web."
16,What is JavaScript?,"
JavaScript is a programming language that is used to create dynamic web pages. It is a scripting language that is used to add interactivity to web pages.
JavaScript is a programming language that is used to create dynamic web pages. It is a scripting language that is used to add interactivity to web pages.
JavaScript is a programming language that is used to create dynamic web pages. It is a scripting language that is used to add interactivity to web pages.
JavaScript is a programming language that is used to create dynamic web pages. It is a scripting language that is used to add interactivity to web pages.
JavaScript is a programming language that is used to create dynamic web pages. It is a scripting language that is used to add interactivity to web pages.
JavaScript is a programming language that is used to create dynamic web pages. It is a scripting language that is used to add interactivity to web pages.
JavaScript is a programming language that is used to create dynamic web pages. It is a scripting language that is used to add interactivity to web pages.
JavaScript is a programming language that is used to create dynamic web pages. It is a scripting language that is used to add interactivity to web pages.
JavaScript is a programming language that is used to create dynamic web pages. It is a scripting language that is used to add interactivity to web pages.
JavaScript is a programming language that is used to create dynamic web pages. It is a scripting language that is used to add interactivity to web pages.
JavaScript is a programming language that is used to create dynamic web pages. It is a scripting language that is used to add interactivity to web pages.
JavaScript is a programming language that is used to create dynamic web pages. It is a scripting language that is used to add interactivity to web pages.
JavaScript is a programming language that is used to create dynamic web pages. It is a scripting language that is used to add interactivity to web pages.
JavaScript is a programming language that is used to create dynamic web pages. It is a scripting language that is used to add interactivity to web pages.
JavaScript is a programming language that is used to create dynamic web pages. It is a scripting language that is used to add interactivity to web pages.
JavaScript is a programming language that is used to create dynamic web pages. It is a scripting language that is used to add interactivity to web pages.
JavaScript is a programming language that is used to create dynamic web pages. It is a scripting language that is used to add interactivity to web pages.
JavaScript is a programming language that is used to create dynamic web pages. It is a scripting language that is used to add interactivity to web pages.
JavaScript is a programming language that is used to create dynamic web pages. It is a scripting language that is used to add interactivity to web pages.
JavaScript is a programming language that is used to create dynamic web pages. It is a scripting language that is used to add interactivity to web pages."
17,What is Perl?,"
Perl is a programming language that is used to create dynamic web pages. It is a scripting language that is used to create CGI scripts. Perl is a very powerful language that is used to create dynamic web pages. It is a very popular language that is used to create CGI scripts. Perl is a very powerful language that is used to create dynamic web pages. It is a very popular language that is used to create CGI scripts.
Perl is a programming language that is used to create dynamic web pages. It is a scripting language that is used to create CGI scripts. Perl is a very powerful language that is used to create dynamic web pages. It is a very popular language that is used to create CGI scripts.
Perl is a programming language that is used to create dynamic web pages. It is a scripting language that is used to create CGI scripts. Perl is a very powerful language that is used to create dynamic web pages. It is a very popular language that is used to create CGI scripts.
Perl is a programming language that is used to create dynamic web pages. It is a scripting language that is used to create CGI scripts. Perl is a very powerful language that is used to create dynamic web pages. It is a very popular language that is used to create CGI scripts.
Perl is a programming language that is used to create dynamic web pages. It is a scripting language that is used to create CGI scripts. Perl is a very powerful language that is used to create dynamic web pages. It is a very popular language that is used to create CGI scripts.
Perl is a programming language that is used to create dynamic web pages. It is a scripting language that is used to create CGI scripts. Perl is a very powerful language that is used to create dynamic web pages. It is a very popular language that is used to create CGI scripts.
Perl is a programming language that is used to create dynamic web pages. It is a scripting language that is used to create CGI scripts. Perl is a very powerful language that is used to create dynamic web pages. It is a very popular language that is used to create CGI scripts.
Perl is a programming language that is used to create dynamic web pages. It is a scripting language that is used to create CGI scripts. Perl is a very powerful language that is used to create dynamic web pages. It is a very popular language that is used to create CGI scripts.
Perl is a programming language that is used to create dynamic web pages. It is a scripting language that is used to create CGI scripts. Perl is a very powerful language that is used to create dynamic web pages. It is a very popular language that is used to create CGI scripts.
Perl is a programming language that is used to create dynamic web pages. It is a scripting language that is used to create CGI scripts. Perl is a very powerful language that is used to create dynamic web pages. It is a very popular language that is used to create CGI scripts."
18,What is OpenCV?,"
OpenCV is a free and open source computer vision library. It is a cross-platform library that can be used on Windows, Linux, Mac OS X, iOS, Android, and other operating systems.
OpenCV is a powerful tool for computer vision applications. It can be used to detect faces, recognize objects, track objects, and more.
OpenCV is a powerful tool for computer vision applications. It can be used to detect faces, recognize objects, track objects, and more.
OpenCV is a powerful tool for computer vision applications. It can be used to detect faces, recognize objects, track objects, and more.
OpenCV is a powerful tool for computer vision applications. It can be used to detect faces, recognize objects, track objects, and more.
OpenCV is a powerful tool for computer vision applications. It can be used to detect faces, recognize objects, track objects, and more.
OpenCV is a powerful tool for computer vision applications. It can be used to detect faces, recognize objects, track objects, and more.
OpenCV is a powerful tool for computer vision applications. It can be used to detect faces, recognize objects, track objects, and more.
OpenCV is a powerful tool for computer vision applications. It can be used to detect faces, recognize objects, track objects, and more.
OpenCV is a powerful tool for computer vision applications. It can be used to detect faces, recognize objects, track objects, and more.
OpenCV is a powerful tool for computer vision applications. It can be used to detect faces, recognize objects, track objects, and more.
OpenCV is a powerful tool for computer vision applications. It can be used to detect faces, recognize objects, track objects, and more.
OpenCV is a powerful tool for computer vision applications. It can be used to detect faces, recognize objects, track objects, and more.
OpenCV is a powerful tool for computer vision applications. It can be used to detect faces, recognize objects, track objects, and more.
OpenCV is a powerful tool for computer vision applications. It can be used to detect faces, recognize objects, track objects, and more.
OpenCV is a powerful tool for computer vision applications. It can be used to detect faces, recognize objects, track objects, and more.
OpenCV is a powerful tool for computer vision applications. It can be used to detect faces, recognize objects, track objects, and more.
OpenCV is a powerful tool for computer vision applications. It can be used to detect faces, recognize objects, track objects, and more.
OpenCV is a powerful tool for computer vision applications. It can be used to detect faces, recognize objects, track objects, and more.
OpenCV is a powerful tool for computer vision applications. It can be used to detect faces, recognize objects, track objects, and more.
OpenCV is a powerful tool for computer vision applications. It can be used to detect faces, recognize objects, track objects, and more.
OpenCV is a powerful tool for computer vision applications. It can be used to detect"
